<schema xmlns:xsi="http://www.w3.org/2001/XMLSchema-instance"
        xsi:noNamespaceSchemaLocation="urn:magento:framework:Setup/Declaration/Schema/etc/schema.xsd">
    <table name="students">
        <column xsi:type="int" name="id" padding="10" unsigned="true" nullable="false" identity="true"
                comment="Entity Id"/>
        <column xsi:type="varchar" name="name" nullable="true" length="255" comment="Name"/>
        <column xsi:type="date" name="dob" comment="Date of birth"/>
        <column xsi:type="text" name="address" comment="Address"/>
        <column xsi:type="smallint" name="gender" padding="10" nullable="true" comment="Gender"/>
        <column xsi:type="text" name="image" nullable="true" comment="Image"/>
        <column xsi:type="text" name="email" nullable="true" comment="Mail"/>
        <column xsi:type="timestamp" name="created_at" default="CURRENT_TIMESTAMP" comment="Time created at"/>
        <column xsi:type="timestamp" name="updated_at" default="NULL" comment="Time updated at"/>
        <constraint xsi:type="primary" referenceId="PRIMARY">
            <column name="id"/>
        </constraint>

        <index referenceId="students_name" indexType="fulltext">
            <column name="name"/>
        </index>
    </table>

    <table name="catalog_product_student" resource="default" engine="innodb"
           comment="Catalog Product To Student Linkage Table">
        <column xsi:type="int" name="product_id" unsigned="true" nullable="false" identity="false"
                comment="Product ID"/>
        <column xsi:type="int" name="student_id" unsigned="true" nullable="false" identity="false"
                comment="Student ID"/>
        <constraint xsi:type="primary" referenceId="PRIMARY">
            <column name="product_id"/>
            <column name="student_id"/>
        </constraint>
        <constraint xsi:type="foreign" referenceId="CATALOG_PRODUCT_STUDENT_STUDENT_ID_STORE_STUDENT_STUDENT_ID"
                    table="catalog_product_student" column="student_id" referenceTable="students"
                    referenceColumn="id" onDelete="CASCADE"/>

        <constraint xsi:type="foreign" referenceId="CAT_PRD_WS_PRD_ID_CAT_PRD_ENTT_ENTT_ID"
                    table="catalog_product_student" column="product_id" referenceTable="catalog_product_entity"
                    referenceColumn="entity_id" onDelete="CASCADE"/>

        <index referenceId="CATALOG_PRODUCT_STUDENT_STUDENT_ID" indexType="btree">
            <column name="student_id"/>
        </index>
    </table>

    <table name="shipping_fee" resource="default" engine="innodb"
           comment="Shipping Fee">
        <column xsi:type="int" name="sales_order_id" unsigned="true" nullable="false" identity="false"
                comment="Sales order grid"/>
        <column xsi:type="int" name="shipping_fee_2" unsigned="true" nullable="false" identity="false"
                comment="Shipping Fee"/>
    </table>

    <table name="quote" resource="default">
        <column xsi:type="varchar" name="custom_total" length="1024" nullable="true" comment="Customer Note"/>
        <column xsi:type="int" name="shipping_fee" padding="11" nullable="true" comment="Shipping Fee"/>
    </table>

    <table name="sales_order" resource="default">
        <column xsi:type="varchar" name="custom_total" length="1024" nullable="true" comment="Customer Note"/>
        <column xsi:type="int" name="shipping_fee" padding="11" nullable="true" comment="Shipping Fee"/>
    </table>


    <table name="quote_item" resource="default">
        <column xsi:type="int" name="shipping_fee" nullable="true" comment="Shipping Fee"/>
    </table>

    <table name="sales_order_item" resource="default">
        <column xsi:type="int" name="shipping_fee" nullable="true" comment="Shipping Fee"/>
    </table>

    <table name="sales_order_grid" resource="default">
        <column xsi:type="int" name="shipping_fee" nullable="true" comment="Shipping Fee"/>
    </table>

</schema>
