<?xml version="1.0"?>
<config xmlns:xsi="http://www.w3.org/2001/XMLSchema-instance"
        xsi:noNamespaceSchemaLocation="urn:magento:framework:Api/etc/extension_attributes.xsd">
    <extension_attributes for="Cowell\BasicTraining\Api\Data\StudentInterface">
        <attribute code="student_links" type="Magento\Catalog\Api\Data\ProductInterface[]" />
    </extension_attributes>

    <extension_attributes for="Magento\Quote\Api\Data\CartInterface">
        <attribute code="demo" type="string" />
    </extension_attributes>
    <extension_attributes for="Magento\Sales\Api\Data\OrderInterface">
        <attribute code="demo" type="string" />
    </extension_attributes>

    <extension_attributes for="Magento\Quote\Api\Data\TotalsItemInterface">
        <attribute code="shipping_fee" type="string" />
    </extension_attributes>

</config>
