<?xml version="1.0" encoding="UTF-8"?>
<config xmlns:xsi="http://www.w3.org/2001/XMLSchema-instance"
        xsi:noNamespaceSchemaLocation="urn:magento:framework:DataObject/etc/fieldset.xsd">
    <scope id="global">
        <fieldset id="sales_convert_quote">
            <field name="custom_total">
                <aspect name="to_order" />
            </field>
            <field name="shipping_fee">
                <aspect name="to_order" />
            </field>
        </fieldset>
        <fieldset id="quote_convert_item">
            <field name="shipping_fee">
                <aspect name="to_order_item" />
            </field>
        </fieldset>
    </scope>
</config>
