<?xml version="1.0" ?>
<config xmlns:xsi="http://www.w3.org/2001/XMLSchema-instance" xsi:noNamespaceSchemaLocation="urn:magento:module:Magento_Config:etc/system_file.xsd">
    <system>
        <section id="auriga" showInDefault="1" showInStore="1" showInWebsite="1" sortOrder="10" translate="label">
            <label>Custom Email</label>
            <tab>general</tab>
            <resource>Cowell_BasicTraining::config_auriga_email</resource>
            <group id="custom" showInDefault="1" showInStore="1" showInWebsite="1" sortOrder="10" translate="label">
                <label>Custom Email Setting</label>
                <field id="email_template" showInDefault="1" showInStore="1" showInWebsite="1" sortOrder="10" translate="label comment" type="select">
                    <label>Custom Email Template</label>
                    <source_model>Magento\Config\Model\Config\Source\Email\Template</source_model>
                </field>
            </group>
        </section>
    </system>
</config>
